capability_id,source_owner,capability,status,target_owner,acceptance_evidence,blocker
KUBO-001,ku-bo,Package and CLI foundation,unreviewed,,,
KUBO-002,ku-bo,Strict Schemas and JSON contracts,unreviewed,,,
KUBO-003,ku-bo,Evidence and provenance,unreviewed,,,
KUBO-004,ku-bo,Source network,unreviewed,,,
KUBO-005,ku-bo,Effective-dated identity,unreviewed,,,
KUBO-006,ku-bo,Market calendar and status,unreviewed,,,
KUBO-007,ku-bo,Prices and benchmarks,unreviewed,,,
KUBO-008,ku-bo,Corporate Actions,unreviewed,,,
KUBO-009,ku-bo,Research workflow,unreviewed,,,
KUBO-010,ku-bo,Forecast and outcome ledgers,unreviewed,,,
KUBO-011,ku-bo,Evaluation and replay,unreviewed,,,
KUBO-012,ku-bo,Runtime trust,unreviewed,,,
KUBO-013,ku-bo,Data foundation,unreviewed,,,
KUBO-014,ku-bo,Historical context planning,unreviewed,,,
KUBO-015,ku-bo,Packaging CI and adversarial tests,unreviewed,,,
KUBO-016,ku-bo,Active PR capabilities,unreviewed,,,
AIM-001,AI-Mincy,Market-regime analysis,unreviewed,,,
AIM-002,AI-Mincy,Press intelligence and catalyst radar,unreviewed,,,
AIM-003,AI-Mincy,Telegram and community intelligence,unreviewed,,,
AIM-004,AI-Mincy,Backtest and missed-opportunity audit,unreviewed,,,
AIM-005,AI-Mincy,Factor 9 data foundation,unreviewed,,,
AIM-006,AI-Mincy,Official exchange collection architecture,unreviewed,,,
AIM-007,AI-Mincy,Investing historical user-export workflow,unreviewed,,,
AIM-008,AI-Mincy,Portfolio state validation,unreviewed,,,
AIM-009,AI-Mincy,Intraday and delayed monitoring,unreviewed,,,
AIM-010,AI-Mincy,Resumable market pipelines,unreviewed,,,
AIM-011,AI-Mincy,Training dataset and walk-forward laboratory,unreviewed,,,
AIM-012,AI-Mincy,Research and forecast orchestration,unreviewed,,,
AIM-013,AI-Mincy,Full-market opportunity scan,unreviewed,,,
AIM-014,AI-Mincy,Momentum-pattern study,unreviewed,,,
AIM-015,AI-Mincy,Shared source governance and validators,unreviewed,,,
AIM-016,AI-Mincy,Skills catalog and routing,unreviewed,,,
AIM-017,AI-Mincy,Active PR lineages,unreviewed,,,
